"Time (s)","Acceleration x (m/s^2)","Acceleration y (m/s^2)","Acceleration z (m/s^2)","Absolute acceleration (m/s^2)"
-5.422499962E-4,-6.433621216E-1,2.739303589E-1,9.709109802E0,9.734257332E0
9.478749998E-3,-4.739144897E-1,2.519261169E-1,9.770033112E0,9.784764111E0
1.949874999E-2,-3.836521912E-1,3.252735901E-1,9.900112610E0,9.912881599E0
2.951975001E-2,-5.378315735E-1,5.774990845E-1,1.037267990E1,1.040265621E1
3.953975000E-2,-7.647596741E-1,5.945635986E-1,1.023391846E1,1.027966197E1
4.956074999E-2,-8.396040344E-1,4.622387695E-1,1.004785538E1,1.009346310E1
5.958075001E-2,-9.773176575E-1,4.207749939E-1,9.980944519E0,1.003750242E1
6.960074999E-2,-9.288185120E-1,3.230282593E-1,9.714348907E0,9.763996404E0
7.962174999E-2,-7.937992859E-1,2.814147949E-1,9.574689331E0,9.611658930E0
8.964175000E-2,-7.902067566E-1,1.678010559E-1,9.569749603E0,9.603785263E0
9.966275000E-2,-8.187973022E-1,2.074685669E-1,9.628876648E0,9.665854216E0
1.096827500E-1,-7.845185852E-1,1.457968140E-1,9.665400696E0,9.698283185E0
1.197037500E-1,-7.515870667E-1,1.694476318E-1,9.656718750E0,9.687404845E0
1.297237500E-1,-7.716453552E-1,1.971400452E-1,9.664801941E0,9.697561410E0
1.397447500E-1,-7.123686218E-1,1.222956848E-1,9.727521515E0,9.754337502E0
1.497647500E-1,-6.899153137E-1,1.414558411E-1,9.784852295E0,9.810164490E0
1.597857500E-1,-6.595285034E-1,1.371148682E-1,9.728569336E0,9.751863394E0
1.698057500E-1,-6.300398254E-1,7.170089722E-2,9.759554901E0,9.780133080E0
1.798267500E-1,-6.141728210E-1,1.022373962E-1,9.879455566E0,9.899055663E0
1.898467500E-1,-6.026467896E-1,1.178050232E-1,9.921518097E0,9.940502126E0
1.998667500E-1,-6.057902527E-1,1.489402771E-1,9.895921326E0,9.915564730E0
2.098877500E-1,-6.039939880E-1,1.835183716E-1,9.918524323E0,9.938592077E0
2.199077500E-1,-6.143225098E-1,1.618135071E-1,9.952204285E0,9.972459370E0
2.299287500E-1,-5.990542603E-1,1.351689148E-1,9.950857086E0,9.969789034E0
2.399487500E-1,-5.685177612E-1,1.115180969E-1,9.908944244E0,9.925866449E0
2.499697500E-1,-5.737568665E-1,4.221221924E-2,9.777218170E0,9.794129566E0
2.599897500E-1,-5.436694336E-1,4.191284180E-2,9.818083191E0,9.833213650E0
2.700107500E-1,-5.888754272E-1,5.733078003E-2,9.767488403E0,9.785391704E0
2.800307500E-1,-6.361770630E-1,3.023712158E-2,9.745184784E0,9.765974709E0
2.900517500E-1,-6.493496704E-1,1.182540894E-2,9.740394745E0,9.762022568E0
3.000717500E-1,-6.903643799E-1,1.422042847E-2,9.692943420E0,9.717507775E0
3.100927500E-1,-7.366181946E-1,5.164260864E-2,9.608069916E0,9.636403937E0
3.201127500E-1,-7.726931763E-1,6.301895142E-2,9.622889099E0,9.654067575E0
3.301337500E-1,-8.469387817E-1,8.637039185E-2,9.592651978E0,9.630354983E0
3.401537500E-1,-8.893006897E-1,1.264869690E-1,9.601782990E0,9.643707339E0
3.501737500E-1,-8.925938416E-1,1.333726501E-1,9.592202911E0,9.634566348E0
3.601947500E-1,-8.894503784E-1,1.365161133E-1,9.629625092E0,9.671578880E0
3.702147500E-1,-8.921447754E-1,1.712438965E-1,9.683513031E0,9.726030608E0
3.802357500E-1,-8.375083923E-1,2.020797729E-1,9.734706573E0,9.772756449E0
3.902557500E-1,-7.759863281E-1,2.094145203E-1,9.781559143E0,9.814525383E0
4.002767500E-1,-6.996450806E-1,2.246827698E-1,9.836794281E0,9.864203329E0
4.102967500E-1,-6.388714600E-1,2.619552612E-1,9.836943970E0,9.861148207E0
4.203177500E-1,-5.679190063E-1,2.245330811E-1,9.782756653E0,9.801799571E0
4.303377500E-1,-5.292993164E-1,2.140548706E-1,9.792785797E0,9.809415422E0
4.403587500E-1,-4.836442566E-1,1.908531189E-1,9.817185059E0,9.830943961E0
4.503787500E-1,-4.402345276E-1,1.800755310E-1,9.810449066E0,9.821972537E0
4.603997500E-1,-4.534071350E-1,1.898052979E-1,9.803114319E0,9.815429406E0
4.704197500E-1,-4.736151123E-1,1.796264648E-1,9.837991791E0,9.851023267E0
4.804397500E-1,-5.222639465E-1,2.186952209E-1,9.833351440E0,9.849638967E0
4.904607500E-1,-5.285508728E-1,1.969903564E-1,9.818532257E0,9.834721496E0
5.004807500E-1,-5.375321960E-1,1.862127686E-1,9.835596771E0,9.852034303E0
5.105017500E-1,-5.773493958E-1,2.010319519E-1,9.867779846E0,9.886699412E0
5.205217500E-1,-6.289920044E-1,2.360591125E-1,9.901310120E0,9.924076629E0
5.305427500E-1,-6.116281128E-1,3.034190369E-1,9.919272766E0,9.942742291E0
5.405627500E-1,-5.406756592E-1,3.555107117E-1,9.936187592E0,9.957235655E0
5.505837500E-1,-4.860392761E-1,4.068539429E-1,9.886191559E0,9.906490188E0
5.606037500E-1,-4.471202087E-1,4.730163574E-1,9.876012726E0,9.897438472E0
5.706247500E-1,-4.345463562E-1,4.608915710E-1,9.923913116E0,9.944108966E0
5.806447500E-1,-4.161346436E-1,4.805007935E-1,9.870923309E0,9.891368764E0
5.906657500E-1,-4.387376404E-1,4.942721558E-1,9.830956421E0,9.853146697E0
6.006857500E-1,-4.794529724E-1,4.782554626E-1,9.852661285E0,9.875906938E0
6.107067500E-1,-5.523513794E-1,4.748126221E-1,9.871372375E0,9.898208507E0
6.207267500E-1,-6.048921204E-1,4.661306763E-1,9.858499146E0,9.888032043E0
6.307467500E-1,-6.511459351E-1,4.565505981E-1,9.817634125E0,9.849790317E0
6.407677500E-1,-7.075785828E-1,4.087998962E-1,9.769883423E0,9.803999536E0
6.507873750E-1,-7.429051208E-1,3.671864319E-1,9.748777313E0,9.783935455E0
6.608083750E-1,-7.746391296E-1,3.724255371E-1,9.735754395E0,9.773621652E0
6.708283750E-1,-7.668553162E-1,3.327580261E-1,9.745933228E0,9.781718124E0
6.808493750E-1,-7.694000244E-1,3.131488037E-1,9.701775055E0,9.737272605E0
6.908693750E-1,-7.767347717E-1,3.246748352E-1,9.657916260E0,9.694538521E0
7.008903750E-1,-7.553292847E-1,3.210823059E-1,9.676777039E0,9.711520480E0
7.109103750E-1,-7.140151978E-1,3.110531616E-1,9.652976532E0,9.684344464E0
7.209313750E-1,-6.950047302E-1,2.905458069E-1,9.613458710E0,9.642926776E0
7.309513750E-1,-6.283932495E-1,2.263293457E-1,9.598040771E0,9.621251982E0
7.409723750E-1,-5.771997070E-1,3.079096985E-1,9.543404388E0,9.565800291E0
7.509923750E-1,-5.400769043E-1,2.540217590E-1,9.513616333E0,9.532319017E0
7.610123750E-1,-4.869374084E-1,2.603086853E-1,9.521400146E0,9.537396364E0
7.710333750E-1,-4.173321533E-1,2.758763123E-1,9.540410614E0,9.553518124E0
7.810533750E-1,-3.303630066E-1,2.698887634E-1,9.564959564E0,9.574467668E0
7.910743750E-1,-3.180885315E-1,3.138972473E-1,9.642348633E0,9.652699050E0
8.010943750E-1,-3.356021118E-1,3.258723450E-1,9.665101318E0,9.676414887E0
8.111153750E-1,-3.320095825E-1,3.369493103E-1,9.712852020E0,9.724364224E0
8.211353750E-1,-3.198847961E-1,3.335064697E-1,9.773475952E0,9.784394975E0
8.311563750E-1,-3.335064697E-1,3.264710999E-1,9.766739960E0,9.777884198E0
8.411763750E-1,-3.653901672E-1,3.582051086E-1,9.791588287E0,9.804948856E0
8.511973750E-1,-3.770658875E-1,3.629951477E-1,9.828262024E0,9.842188708E0
8.612173750E-1,-3.802093506E-1,3.350033569E-1,9.829459534E0,9.842512948E0
8.712383750E-1,-3.823049927E-1,3.165916443E-1,9.809101868E0,9.821652958E0
8.812583750E-1,-4.028123474E-1,3.245251465E-1,9.798024902E0,9.811669906E0
8.912783750E-1,-4.297563171E-1,3.613485718E-1,9.783954163E0,9.800052160E0
9.012993750E-1,-4.538562012E-1,3.656895447E-1,9.777068481E0,9.794426088E0
9.113193750E-1,-4.990621948E-1,3.737727356E-1,9.770033112E0,9.789908893E0
9.213403750E-1,-5.325924683E-1,3.796105957E-1,9.750124512E0,9.772035967E0
9.313603750E-1,-5.683680725E-1,3.758683777E-1,9.780511322E0,9.804219552E0
9.413813750E-1,-5.962101746E-1,3.731739807E-1,9.780511322E0,9.805770093E0
9.514013750E-1,-6.496490479E-1,3.936813354E-1,9.775272217E0,9.804742515E0
9.614223750E-1,-6.854246521E-1,3.842509460E-1,9.789792023E0,9.821277086E0
9.714423750E-1,-7.150630188E-1,3.951782227E-1,9.801467743E0,9.835458854E0
9.814633750E-1,-7.433541870E-1,3.580554199E-1,9.864786072E0,9.899231454E0
9.914833750E-1,-7.357200623E-1,3.385958862E-1,9.928703156E0,9.961680457E0
1.001504375E0,-7.063810730E-1,3.637435913E-1,9.905651093E0,9.937464827E0
1.011524375E0,-7.053332520E-1,3.525169373E-1,9.913734283E0,9.945043521E0
1.021544375E0,-7.057823181E-1,3.573069763E-1,9.925709381E0,9.957183521E0
1.031565375E0,-7.198530579E-1,3.562591553E-1,9.939630432E0,9.972028988E0
1.041585375E0,-7.232958984E-1,3.460803223E-1,9.931098175E0,9.963415053E0
1.051606375E0,-7.072792053E-1,3.550616455E-1,9.944121094E0,9.975562990E0
1.061626375E0,-6.562353516E-1,3.198847961E-1,9.936337280E0,9.963120478E0
1.071647375E0,-6.011499023E-1,2.710862732E-1,9.876012726E0,9.898004664E0
1.081667375E0,-5.577401733E-1,2.366578674E-1,9.801767120E0,9.820474516E0
1.091688375E0,-5.129832458E-1,2.438429260E-1,9.771979065E0,9.788472099E0
1.101708375E0,-4.899311829E-1,2.465373230E-1,9.730964355E0,9.746408595E0
1.111729375E0,-4.439767456E-1,2.460882568E-1,9.729916534E0,9.743148903E0
1.121749375E0,-3.610491943E-1,2.194436646E-1,9.731563110E0,9.740730600E0
1.131770375E0,-3.254232788E-1,1.975891113E-1,9.794132996E0,9.801529621E0
1.141790375E0,-3.384461975E-1,1.892065430E-1,9.866432648E0,9.874048721E0
1.151810375E0,-3.227288818E-1,1.715432739E-1,9.997859344E0,1.000453760E1
1.161831375E0,-3.525169373E-1,1.740879822E-1,9.955198059E0,9.962958557E0
1.171851375E0,-3.188369751E-1,1.983375549E-1,1.004501129E1,1.005202699E1
1.181872375E0,-2.827619934E-1,3.153941345E-1,1.003588028E1,1.004481562E1
1.191892375E0,-2.987786865E-1,3.695814514E-1,9.917326813E0,9.928707381E0
1.201913375E0,-3.685336304E-1,4.086502075E-1,9.885892181E0,9.901195698E0
1.211933375E0,-4.339476013E-1,4.797523499E-1,9.970915375E0,9.991878014E0
1.221954375E0,-3.986210632E-1,5.140310669E-1,1.001133133E1,1.003244146E1
1.231974375E0,-3.900888062E-1,5.486091614E-1,9.922715607E0,9.945522927E0
1.241995375E0,-3.905378723E-1,5.465135193E-1,9.865235138E0,9.888076718E0
1.252015375E0,-3.653901672E-1,5.207670593E-1,9.867779846E0,9.888265136E0
1.262036375E0,-3.125500488E-1,4.791535950E-1,9.832153931E0,9.848783002E0
1.272056375E0,-3.050656128E-1,4.174818420E-1,9.757758636E0,9.771448701E0
1.282076375E0,-2.927911377E-1,3.475772095E-1,9.716294861E0,9.726917415E0
1.292097375E0,-3.008743286E-1,3.221301270E-1,9.681866455E0,9.691895131E0
1.302117375E0,-2.996768188E-1,2.824626160E-1,9.698032837E0,9.706772493E0
1.312138375E0,-2.829116821E-1,2.591111755E-1,9.689350891E0,9.696942730E0
1.322158375E0,-2.911445618E-1,2.411485291E-1,9.709259491E0,9.716616573E0
1.332179375E0,-3.068618774E-1,1.965412903E-1,9.724378052E0,9.731203481E0
1.342199375E0,-2.877017212E-1,1.927990723E-1,9.738897858E0,9.745053886E0
1.352220375E0,-2.830613708E-1,1.776805115E-1,9.747130737E0,9.752858643E0
1.362240375E0,-2.953358459E-1,1.898052979E-1,9.762848053E0,9.769158173E0
1.372261375E0,-2.757266235E-1,2.121089172E-1,9.768835602E0,9.775027590E0
1.382281375E0,-2.676434326E-1,2.567161560E-1,9.718390503E0,9.725464007E0
1.392302375E0,-2.704875183E-1,2.824626160E-1,9.670190735E0,9.678095757E0
1.402322375E0,-2.691403198E-1,3.321592712E-1,9.669741669E0,9.679187478E0
1.412342375E0,-2.405497742E-1,4.191284180E-1,9.688901825E0,9.700945902E0
1.422363375E0,-2.061213684E-1,4.665797424E-1,9.688752136E0,9.702169893E0
1.432383375E0,-1.944456482E-1,4.902305603E-1,9.654323730E0,9.668717692E0
1.442404375E0,-1.998344421E-1,4.972659302E-1,9.615704041E0,9.630626740E0
1.452424375E0,-2.436932373E-1,5.179229736E-1,9.588161316E0,9.605231284E0
1.462445375E0,-2.992277527E-1,4.736151123E-1,9.624236298E0,9.640527622E0
1.472465375E0,-2.944377136E-1,3.878434753E-1,9.611961823E0,9.624288348E0
1.482486375E0,-3.257226562E-1,3.381468201E-1,9.615554352E0,9.627010128E0
1.492506375E0,-3.296145630E-1,2.644999695E-1,9.705816650E0,9.715013270E0
1.502527375E0,-3.427871704E-1,2.074685669E-1,9.751172333E0,9.759401012E0
1.512547375E0,-3.594026184E-1,1.591191101E-1,9.807904358E0,9.815776945E0
1.522567375E0,-3.924838257E-1,1.332229614E-1,9.837692413E0,9.846419853E0
1.532588375E0,-4.752616882E-1,1.148112488E-1,9.814490662E0,9.826661806E0
1.542608375E0,-4.784051514E-1,1.255888367E-1,9.724078674E0,9.736649840E0
1.552629375E0,-4.216731262E-1,9.400451660E-2,9.608668671E0,9.618376095E0
1.562649375E0,-4.152365112E-1,1.643582153E-1,9.407337341E0,9.417931346E0
1.572670375E0,-4.192781067E-1,2.387535095E-1,9.366472321E0,9.378891251E0
1.582690375E0,-3.558100891E-1,3.014730835E-1,9.335636444E0,9.347277393E0
1.592711375E0,-2.701881409E-1,3.549119568E-1,9.296118622E0,9.306813932E0
1.602731375E0,-2.453398132E-1,4.261637878E-1,9.281598816E0,9.294615849E0
1.612752375E0,-2.480342102E-1,4.893324280E-1,9.272318115E0,9.288533276E0
1.622772375E0,-2.577639771E-1,4.797523499E-1,9.288783875E0,9.304735915E0
1.632793375E0,-2.535726929E-1,5.008584595E-1,9.315578156E0,9.332478485E0
1.642813375E0,-2.469863892E-1,5.189707947E-1,9.417067108E0,9.434589863E0
1.652833042E0,-2.526745605E-1,5.287005615E-1,9.470505981E0,9.488616984E0
1.662854042E0,-3.007246399E-1,4.939727783E-1,9.540560303E0,9.558071736E0
1.672874042E0,-3.345542908E-1,4.772076416E-1,9.591604156E0,9.609293627E0
1.682895042E0,-2.704875183E-1,4.090992737E-1,9.574988708E0,9.587540586E0
1.692915042E0,-2.463876343E-1,3.116519165E-1,9.502389679E0,9.510691005E0
1.702936042E0,-2.320175171E-1,2.583627319E-1,9.440418549E0,9.446802941E0
1.712956042E0,-1.987866211E-1,2.008822632E-1,9.362730103E0,9.366994437E0
1.722977042E0,-1.568737793E-1,1.200503540E-1,9.200766907E0,9.202887218E0
1.732997042E0,-1.067280579E-1,2.694396973E-3,9.071136475E0,9.071764717E0
1.743018042E0,-8.457412720E-2,-4.326004028E-2,8.944499817E0,8.945004259E0
1.753038042E0,-7.753875732E-2,-2.499801636E-2,8.830736389E0,8.831112180E0
1.763059042E0,-6.975494385E-2,-2.978805542E-2,8.636889496E0,8.637222542E0
1.773079042E0,-7.619155884E-2,-1.392105103E-2,8.495733032E0,8.496086081E0
1.783099042E0,-2.469863892E-2,4.999603271E-2,8.395441589E0,8.395626785E0
1.793120042E0,1.571731567E-2,2.963836670E-2,8.299042053E0,8.299109860E0
1.803140042E0,-1.047821045E-2,4.340972900E-2,8.165370026E0,8.165492138E0
1.813161042E0,-6.301895142E-2,8.442443848E-2,8.165220337E0,8.165899952E0
1.823181042E0,-7.274871826E-2,4.924758911E-2,8.127498779E0,8.127973555E0
1.833202042E0,-9.445358276E-2,3.772155762E-2,8.046217804E0,8.046860589E0
1.843222042E0,-8.023315430E-2,9.460327148E-2,7.998317413E0,7.999279254E0
1.853243042E0,-1.317260742E-2,1.082249451E-1,7.913892975E0,7.914643907E0
1.863263042E0,4.131408691E-2,1.800755310E-1,7.736661530E0,7.738867209E0
1.873284042E0,6.002517700E-2,2.585124207E-1,7.647447052E0,7.652050582E0
1.883304042E0,8.547225952E-2,2.007325745E-1,7.549251251E0,7.552403162E0
1.893325042E0,1.071771240E-1,6.271957397E-2,7.504494324E0,7.505521683E0
1.903345042E0,6.047424316E-2,-4.236190796E-2,7.289840698E0,7.290214611E0
1.913365042E0,1.257385254E-2,-1.050814819E-1,7.012467499E0,7.013266047E0
1.923386042E0,3.338058472E-2,-3.152444458E-1,6.751560059E0,6.758998191E0
1.933406042E0,3.682342529E-2,-4.323010254E-1,6.479725342E0,6.494234416E0
1.943427042E0,1.257385254E-2,-4.951702881E-1,6.199957123E0,6.219712215E0
1.953447042E0,2.664459229E-2,-4.876858521E-1,5.962700500E0,5.982670364E0
1.963468042E0,2.350112915E-2,-3.909869385E-1,5.524112549E0,5.537981811E0
1.973488042E0,1.987866211E-1,-4.061054993E-1,5.264252930E0,5.283634800E0
1.983509042E0,2.520758057E-1,-4.071533203E-1,4.937781830E0,4.960948038E0
1.993529042E0,2.266287231E-1,-2.163002014E-1,4.394262085E0,4.405415489E0
2.003550042E0,4.897814941E-1,-5.987548828E-3,3.850892029E0,3.881918492E0
2.013570042E0,3.053649902E-1,4.041595459E-2,3.535497894E0,3.548890895E0
2.023590042E0,9.999206543E-2,7.155120850E-2,3.048261108E0,3.050739873E0
2.033611042E0,8.202941895E-2,7.574249268E-2,2.685864716E0,2.688184335E0
2.043631042E0,2.035766602E-1,-2.285746765E-1,2.181713104E0,2.203080096E0
2.053652042E0,1.425036621E-1,-4.909790039E-1,1.624122620E0,1.702686689E0
2.063672042E0,1.990859985E-2,-7.426057434E-1,1.185834045E0,1.399307695E0
2.073693042E0,-1.844165039E-1,-9.529183960E-1,9.000782776E-1,1.323708360E0
2.083713042E0,-2.841091919E-1,-1.093027039E0,2.700384521E-1,1.161183407E0
2.093734042E0,-2.751278687E-1,-7.333250427E-1,-3.995191956E-1,8.792477182E-1
2.103754042E0,-2.727328491E-1,3.240760803E-1,-1.106349335E0,1.184659176E0
2.113775042E0,6.002517700E-2,1.578168182E0,-1.878593445E0,2.454247576E0
2.123795042E0,2.595602417E-1,3.159330139E0,-2.132764893E0,3.820657605E0
2.133816042E0,4.671784973E-1,5.305417328E0,-1.838177490E0,5.634235108E0
2.143836042E0,7.316784668E-1,8.034841461E0,-1.648372192E0,8.234753279E0
2.153857042E0,6.993457031E-1,1.056263489E1,-8.243357849E-1,1.061780908E1
2.163877042E0,4.882846069E-1,1.191582092E1,1.166823578E0,1.198276627E1
2.173897042E0,3.390449524E-1,1.265992355E1,3.645369415E0,1.317866966E1
2.183918042E0,2.110610962E-1,1.410831161E1,7.394922180E0,1.593028178E1
2.193938042E0,1.960922241E-2,1.578347809E1,1.162677200E1,1.960358111E1
2.203959042E0,-3.427871704E-1,1.743214966E1,1.439197174E1,2.260810022E1
2.213979042E0,-5.144801331E-1,1.827399902E1,1.616338806E1,2.440202540E1
2.224000042E0,-1.969903564E-1,2.051633606E1,1.673983932E1,2.647982385E1
2.234020042E0,9.867480469E-1,2.366878052E1,1.737541763E1,2.937839309E1
2.244041042E0,2.499502258E0,2.954151810E1,1.940609482E1,3.543367493E1
2.254061042E0,1.106349335E0,4.470543457E1,2.026890060E1,4.909814885E1
2.264081042E0,1.401535492E0,5.601232178E1,1.945818649E1,5.931243979E1
2.274102042E0,3.407214661E0,4.888070206E1,1.797507065E1,5.219229167E1
2.284122042E0,3.175496521E0,4.337260620E1,1.559082870E1,4.619892517E1
2.294143042E0,3.757037201E0,3.269845322E1,1.054467224E1,3.456145662E1
2.304163042E0,2.905907135E0,2.270224045E1,4.045936432E0,2.324232388E1
2.314184042E0,1.059796143E0,1.639899811E1,-1.137634277E0,1.647253832E1
2.324204042E0,-1.601519623E0,1.137484589E1,-4.319866791E0,1.227245832E1
2.334225042E0,-2.977458344E0,7.471562805E0,-7.410190430E0,1.093619820E1
2.344245042E0,-3.012186127E0,5.164410553E0,-1.098131424E1,1.250334611E1
2.354266042E0,-2.137704620E0,3.414100342E0,-1.485450989E1,1.539098198E1
2.364286042E0,-9.801617432E-1,2.052831116E0,-1.786025940E1,1.800454660E1
2.374306042E0,-3.204835510E-1,8.482859802E-1,-1.845497269E1,1.847723777E1
2.384327042E0,-1.538800049E-1,7.244934082E-2,-1.795471298E1,1.795551855E1
2.394347042E0,-3.959266663E-1,-6.884184265E-1,-1.769724838E1,1.771505795E1
2.404368042E0,-9.689350891E-1,-1.616189117E0,-1.700493805E1,1.710902746E1
2.414388042E0,-1.670675812E0,-2.262095947E0,-1.536419998E1,1.561943907E1
2.424409042E0,-1.944755859E0,-2.340832214E0,-1.376582382E1,1.409820827E1
2.434429042E0,-1.824855194E0,-2.114353180E0,-1.167347488E1,1.200294138E1
2.444450042E0,-1.294508057E0,-1.591340790E0,-9.531578979E0,9.749826381E0
2.454470042E0,-5.071453857E-1,-1.003213806E0,-8.136480103E0,8.213765448E0
2.464491042E0,1.068777466E-1,-4.161346436E-2,-7.446265411E0,7.447148656E0
2.474511042E0,3.177891541E-1,9.686357117E-1,-6.908134460E0,6.982948289E0
2.484531042E0,1.119671631E-1,2.079326019E0,-6.213429108E0,6.553078255E0
2.494552042E0,-1.309776306E-1,3.178340607E0,-5.501210175E0,6.354708297E0
2.504572042E0,-1.351689148E-1,4.652774506E0,-4.853956146E0,6.725137285E0
2.514593042E0,-4.745132446E-2,6.147566071E0,-4.509073334E0,7.624077816E0
2.524613042E0,-3.697311401E-2,7.411986694E0,-4.362378387E0,8.600538295E0
2.534634042E0,5.179229736E-2,8.566984863E0,-4.380640411E0,9.622157892E0
2.544654042E0,3.394940186E-1,9.586814117E0,-4.068539429E0,1.041994598E1
2.554675042E0,7.876620483E-1,1.053359528E1,-3.783981171E0,1.122031882E1
2.564695042E0,1.117426300E0,1.134296219E1,-3.472029877E0,1.191496640E1
2.574716042E0,1.135838013E0,1.171673492E1,-3.073109436E0,1.216618292E1
2.584736042E0,1.080153809E0,1.175161240E1,-3.021017761E0,1.218169424E1
2.594756042E0,1.016087036E0,1.160836029E1,-3.182232513E0,1.207944805E1
2.604777042E0,9.458830261E-1,1.138966507E1,-3.236868896E0,1.187840416E1
2.614797042E0,8.845106506E-1,1.105840393E1,-3.169059906E0,1.153748661E1
2.624818042E0,8.249345398E-1,1.079689774E1,-2.967878265E0,1.122772546E1
2.634838042E0,8.409512329E-1,1.069690567E1,-2.840942230E0,1.109963705E1
2.644859042E0,9.286688232E-1,1.050455566E1,-2.916385345E0,1.094136276E1
2.654879167E0,9.862989807E-1,1.047746201E1,-2.926115112E0,1.092300991E1
2.664900167E0,9.156459045E-1,1.046354095E1,-2.779120789E0,1.086497166E1
2.674920167E0,6.694079590E-1,1.048644333E1,-2.654130707E0,1.083780469E1
2.684941167E0,4.354444885E-1,1.052326675E1,-2.556982727E0,1.083821552E1
2.694961167E0,2.243833923E-1,1.053584061E1,-2.434237976E0,1.081572003E1
2.704981167E0,6.810836792E-2,1.043240570E1,-2.106719055E0,1.064321345E1
2.715002167E0,-1.474433899E-1,1.041968216E1,-1.856738892E0,1.058484743E1
2.725022167E0,-3.570075989E-1,1.025577301E1,-1.557960205E0,1.037957487E1
2.735043167E0,-4.670288086E-1,1.025786865E1,-1.299148407E0,1.035035129E1
2.745063167E0,-5.797444153E-1,1.018032990E1,-1.124761047E0,1.025866988E1
2.755084167E0,-5.578898621E-1,1.016176849E1,-8.391549683E-1,1.021160913E1
2.765104167E0,-4.911286926E-1,1.016655853E1,-6.021977234E-1,1.019621312E1
2.775125167E0,-3.876937866E-1,1.010159363E1,-3.356021118E-1,1.011459980E1
2.785145167E0,-2.679428101E-1,9.945767670E0,-6.301895142E-2,9.949575834E0
2.795166167E0,-5.957611084E-2,9.898466034E0,1.169068909E-1,9.899335652E0
2.805186167E0,6.556365967E-2,9.780062256E0,2.670446777E-1,9.783927084E0
2.815207167E0,1.847158813E-1,9.865534515E0,4.243675232E-1,9.876384917E0
2.825227167E0,3.243754578E-1,9.909842377E0,3.522175598E-1,9.921403760E0
2.835247167E0,4.008663940E-1,9.929451599E0,1.642085266E-1,9.938896688E0
2.845268167E0,3.888912964E-1,1.009141479E1,1.362167358E-2,1.009891452E1
2.855288167E0,3.703298950E-1,1.014889526E1,-2.174977112E-1,1.015797837E1
2.865309167E0,4.059558105E-1,1.008452911E1,-5.032534790E-1,1.010523585E1
2.875329167E0,3.766168213E-1,9.995314636E0,-8.376580811E-1,1.003742128E1
2.885350167E0,3.475772095E-1,9.822873230E0,-1.258283386E0,9.909234354E0
2.895370167E0,3.306623840E-1,9.723928986E0,-1.636995850E0,9.866300621E0
2.905391167E0,3.083587646E-1,9.629625092E0,-1.894310760E0,9.819021224E0
2.915411167E0,3.203338623E-1,9.503437500E0,-2.153721313E0,9.749689923E0
2.925431167E0,2.743794250E-1,9.441616058E0,-2.448907471E0,9.757896580E0
2.935452167E0,1.713935852E-1,9.382788391E0,-2.726580048E0,9.772427155E0
2.945472167E0,1.194515991E-1,9.256600800E0,-2.929108887E0,9.709717087E0
2.955493167E0,1.038839722E-1,9.166488190E0,-2.955304413E0,9.631672845E0
2.965513167E0,1.746867371E-1,9.233997803E0,-2.859204254E0,9.668106322E0
2.975534167E0,1.686991882E-1,9.232051849E0,-2.928809509E0,9.686958548E0
2.985554167E0,2.574645996E-1,9.282646637E0,-2.935246124E0,9.739070100E0
2.995575167E0,4.239184570E-1,9.480385437E0,-2.736010437E0,9.876394484E0
3.005595167E0,4.953199768E-1,9.488768005E0,-2.709814911E0,9.880544367E0
3.015616167E0,3.296145630E-1,9.394613800E0,-2.643053741E0,9.764893614E0
3.025636167E0,1.348695374E-1,9.387279053E0,-2.391427002E0,9.688040097E0
3.035656167E0,2.155517578E-2,9.420360260E0,-2.300865326E0,9.697300310E0
3.045677167E0,-1.237925720E-1,9.521100769E0,-2.359094238E0,9.809791541E0
3.055697167E0,-2.935395813E-1,9.544452209E0,-2.335892487E0,9.830520188E0
3.065718167E0,-3.715274048E-1,9.659712524E0,-2.389630737E0,9.957831778E0
3.075738167E0,-3.564088440E-1,9.372609558E0,-2.391876068E0,9.679561370E0
3.085759167E0,-3.162922668E-1,9.226513367E0,-2.438578949E0,9.548573558E0
3.095779167E0,-2.906954956E-1,9.310937805E0,-2.535577240E0,9.654388568E0
3.105800167E0,-3.137475586E-1,9.242230682E0,-2.481539612E0,9.574722156E0
3.115820167E0,-2.945874023E-1,9.373657379E0,-2.325563965E0,9.662322814E0
3.125841167E0,-2.350112915E-1,9.575288086E0,-2.120640106E0,9.810121645E0
3.135861167E0,-2.285746765E-1,9.737850037E0,-1.819915466E0,9.909089869E0
3.145881167E0,-2.550695801E-1,9.868228912E0,-1.352886658E0,9.963799710E0
3.155902167E0,-2.580633545E-1,9.992620239E0,-9.604028320E-1,1.004198335E1
3.165922167E0,-1.673519897E-1,1.007075775E1,-4.809498596E-1,1.008362441E1
3.175943167E0,-1.339714050E-1,1.018167709E1,3.293151855E-2,1.018261171E1
3.185963167E0,-4.071533203E-2,1.016087036E1,5.322930908E-1,1.017488477E1
3.195984167E0,-2.484832764E-2,1.016910324E1,1.269360352E0,1.024805122E1
3.206004167E0,3.832031250E-2,1.004635849E1,1.814376984E0,1.020895446E1
3.216025167E0,-2.874023438E-2,9.923613739E0,2.372865601E0,1.020340271E1
3.226045167E0,-6.182144165E-2,9.760153656E0,2.834954681E0,1.016372911E1
3.236066167E0,-5.239105225E-2,9.673334198E0,3.273392944E0,1.021230829E1
3.246086167E0,-1.601669312E-2,9.563013611E0,3.621269531E0,1.022570677E1
3.256106167E0,5.987548828E-4,9.453142090E0,3.637735291E0,1.012891967E1
3.266127167E0,6.975494385E-2,9.418414307E0,3.705843658E0,1.012149549E1
3.276147167E0,2.409988403E-1,9.514664154E0,3.731889496E0,1.022320466E1
3.286168167E0,3.704795837E-1,9.500443726E0,3.586242371E0,1.016153632E1
3.296188167E0,3.897894287E-1,9.473200378E0,3.317551117E0,1.004487962E1
3.306209167E0,4.429289246E-1,9.568701782E0,2.832110596E0,9.988848295E0
3.316229167E0,4.044589233E-1,9.615105286E0,2.109712830E0,9.852143163E0
3.326250167E0,3.700305176E-1,9.697284393E0,1.666634216E0,9.846416445E0
3.336270167E0,3.388952637E-1,9.898316345E0,1.246457977E0,9.982242932E0
3.346291167E0,3.270698547E-1,1.011566437E1,7.771838379E-1,1.015074652E1
3.356311167E0,3.406915283E-1,1.029993118E1,2.606080627E-1,1.030885879E1
3.366331167E0,2.912942505E-1,1.039198975E1,-1.793270874E-1,1.039761807E1
3.376352167E0,2.345622253E-1,1.046518753E1,-5.968089294E-1,1.048481523E1
3.386372167E0,1.648072815E-1,1.054796539E1,-8.364605713E-1,1.058236276E1
3.396393167E0,1.734892273E-1,1.045336212E1,-1.033151550E0,1.050572607E1
3.406413167E0,9.325607300E-2,1.039618103E1,-1.220412140E0,1.046798369E1
3.416434167E0,-5.388793945E-3,1.026415558E1,-1.394500122E0,1.035845304E1
3.426454167E0,-9.580078125E-2,1.008497818E1,-1.564696198E0,1.020608823E1
3.436475167E0,-1.968406677E-1,1.002016296E1,-1.583856354E0,1.014647786E1
3.446495167E0,-2.130070496E-1,1.002824615E1,-1.560055847E0,1.015110177E1
3.456515167E0,-1.972897339E-1,9.958640900E0,-1.575324097E0,1.008439873E1
3.466536167E0,-1.577719116E-1,1.002704865E1,-1.520837402E0,1.014295533E1
3.476556167E0,-6.945556641E-2,1.005638763E1,-1.487456818E0,1.016603581E1
3.486577167E0,-9.999206543E-2,1.008048752E1,-1.398990784E0,1.017759315E1
3.496597167E0,-1.127156067E-1,1.005578888E1,-1.410816193E0,1.015490015E1
3.506618167E0,-8.846603394E-2,1.000908600E1,-1.590592346E0,1.013506846E1
3.516638167E0,5.613327026E-2,1.005563919E1,-1.519639893E0,1.016997227E1
3.526659167E0,1.034349060E-1,9.965227203E0,-1.433419189E0,1.006832372E1
3.536679167E0,1.306782532E-1,9.861941986E0,-1.681752777E0,1.000516211E1